,City,Latitude,Longitude,Max Temp,Humidity,Cloudiness,Wind Speed,Country,Date
0,Puerto Ayora,-0.7393,-90.3518,76.96,76,25,10.76,EC,1650823200
1,Tezu,27.9167,96.1667,68.0,79,87,4.72,IN,1650823200
2,Prabumulih,-3.45,104.25,75.9,93,100,2.26,ID,1650823200
3,Vaini,-21.2,-175.2,77.97,94,75,3.62,TO,1650823200
4,Punta Arenas,-53.15,-70.9167,44.71,81,75,5.97,CL,1650823200
5,Saint-Philippe,-21.3585,55.7679,74.79,77,99,14.67,RE,1650823200
6,Albany,42.6001,-73.9662,64.04,34,91,8.61,US,1650823200
7,Saint-Augustin,51.226,-58.6502,38.89,84,100,19.48,CA,1650823200
8,Longyearbyen,78.2186,15.6401,12.04,57,20,3.36,SJ,1650823200
9,Killam,52.7834,-111.8518,53.55,47,15,5.55,CA,1650823200
10,Leningradskiy,69.3833,178.4167,14.65,96,98,3.47,RU,1650823200
11,Mar del Plata,-38.0023,-57.5575,75.42,58,0,15.19,AR,1650823200
12,Hay River,60.8156,-115.7999,37.85,56,20,14.09,CA,1650823200
13,Hermanus,-34.4187,19.2345,58.06,80,19,7.72,ZA,1650823200
14,Walvis Bay,-22.9575,14.5053,62.1,67,0,20.22,NA,1650823200
15,George Town,5.4112,100.3354,80.47,93,40,4.5,MY,1650823200
16,Province of Mantua,45.1667,10.7833,58.77,75,98,2.82,IT,1650823200
17,Jamestown,42.097,-79.2353,80.04,31,0,9.84,US,1650823200
18,Umeå,63.8284,20.2597,42.73,52,0,4.72,SE,1650823200
19,Ostrovnoy,68.0531,39.5131,35.49,98,100,14.92,RU,1650823200
20,Pitimbu,-7.4706,-34.8086,84.79,74,100,14.76,BR,1650823200
21,Banjar,-8.19,114.9675,77.16,91,43,3.27,ID,1650823200
22,Mujiayingzi,42.1167,118.7833,53.2,42,7,4.59,CN,1650823200
23,Astoria,46.1879,-123.8313,53.31,82,40,4.7,US,1650823200
24,Marsá Maţrūḩ,31.3525,27.2453,64.98,77,0,9.06,EG,1650823200
25,Tocopilla,-22.092,-70.1979,70.05,66,9,6.22,CL,1650823200
26,Busselton,-33.65,115.3333,65.52,49,100,12.39,AU,1650823200
27,Bethel,41.3712,-73.414,58.87,40,0,8.55,US,1650823200
28,Bethanien,-26.502,17.1583,55.81,24,0,14.94,NA,1650823200
29,Chapleau,47.8405,-83.4034,47.37,100,100,11.16,CA,1650823200
30,Kruisfontein,-34.0033,24.7314,56.88,70,75,8.7,ZA,1650823200
31,Bredasdorp,-34.5322,20.0403,54.93,88,21,5.19,ZA,1650823200
32,Hermosillo,29.0667,-110.9667,79.66,25,0,2.26,MX,1650823200
33,Hobart,-42.8794,147.3294,52.5,89,100,0.72,AU,1650823200
34,Turaif,31.6725,38.6637,62.85,88,75,14.45,SA,1650823200
35,Port Alfred,-33.5906,26.891,63.19,83,95,14.14,ZA,1650823200
36,Port Elizabeth,-33.918,25.5701,62.04,81,0,13.47,ZA,1650823200
37,Fairbanks,64.8378,-147.7164,37.65,64,0,0.96,US,1650823200
38,Springs,-26.25,28.4,64.87,50,66,6.46,ZA,1650823200
39,Pisco,-13.7,-76.2167,75.88,88,20,9.44,PE,1650823200
40,Sitka,57.0531,-135.33,44.49,81,100,2.93,US,1650823200
41,Mwinilunga,-11.7358,24.4293,62.76,94,76,3.67,ZM,1650823200
42,Chimbote,-9.0853,-78.5783,72.54,73,26,11.3,PE,1650823200
43,Katangli,51.7102,143.2326,28.49,98,100,8.93,RU,1650823200
44,Motomachi,43.8228,144.1044,46.67,64,84,1.92,JP,1650823200
45,Butaritari,3.0707,172.7902,79.47,80,100,15.17,KI,1650823200
46,Yellowknife,62.456,-114.3525,28.42,63,0,16.02,CA,1650823200
47,Carnarvon,-24.8667,113.6333,73.06,94,2,2.19,AU,1650823200
48,Mataura,-46.1927,168.8643,52.48,93,100,5.57,NZ,1650823200
49,Palauig,15.435,119.9045,82.08,72,10,3.2,PH,1650823200
50,Rørvik,64.8621,11.2373,43.38,81,20,15.05,NO,1650823200
51,Atuona,-9.8,-139.0333,78.85,74,26,15.88,PF,1650823200
52,Nanortalik,60.1432,-45.2371,38.34,89,84,5.93,GL,1650823200
53,High Level,58.5169,-117.136,38.64,70,40,12.48,CA,1650823200
54,Arraial do Cabo,-22.9661,-42.0278,80.46,69,20,11.65,BR,1650823200
55,East London,-33.0153,27.9116,63.59,88,20,14.56,ZA,1650823200
56,Kromy,52.6876,35.7667,48.85,92,100,5.41,RU,1650823200
57,Cidreira,-30.1811,-50.2056,70.95,68,1,18.63,BR,1650823200
58,Finschhafen,-6.6024,147.8681,78.69,82,57,3.49,PG,1650823200
59,Cherskiy,68.75,161.3,-3.41,100,86,4.74,RU,1650823200
60,Kaitangata,-46.2817,169.8464,52.84,83,97,11.63,NZ,1650823200
61,Avarua,-21.2078,-159.775,79.39,88,60,4.92,CK,1650823200
62,Talnakh,69.4865,88.3972,-5.96,100,63,2.1,RU,1650823200
63,Rikitea,-23.1203,-134.9692,73.51,84,100,9.93,PF,1650823200
64,Cape Town,-33.9258,18.4232,60.08,75,20,11.03,ZA,1650823200
65,San Quintín,30.4833,-115.95,69.87,46,0,8.25,MX,1650823200
66,San Luis,-33.295,-66.3356,81.97,30,3,21.81,AR,1650823200
67,Kapaa,22.0752,-159.319,74.55,85,100,14.99,US,1650823200
68,Novocheremshansk,54.3571,50.1666,51.28,75,75,5.77,RU,1650823200
69,Sørland,67.667,12.6934,43.2,91,100,12.41,NO,1650823200
70,Hithadhoo,-0.6,73.0833,84.97,71,95,9.98,MV,1650823200
71,Faanui,-16.4833,-151.75,80.58,71,60,5.61,PF,1650823200
72,Dikson,73.5069,80.5464,3.36,98,96,10.42,RU,1650823200
73,Alofi,-19.0595,-169.9187,78.58,94,99,10.76,NU,1650823200
74,Kahului,20.8947,-156.47,74.48,79,40,13.8,US,1650823200
75,Upernavik,72.7868,-56.1549,10.51,81,59,11.21,GL,1650823200
76,Shingū,33.7333,135.9833,63.43,93,100,0.67,JP,1650823200
77,Ribeira Grande,38.5167,-28.7,61.2,72,40,19.3,PT,1650823200
78,Tura,25.5198,90.2201,74.75,73,0,6.2,IN,1650823200
79,Grand Gaube,-20.0064,57.6608,77.25,72,97,24.72,MU,1650823200
80,Maidens,55.3338,-4.8147,53.64,69,54,9.93,GB,1650823200
81,Fuengirola,36.54,-4.6247,68.85,53,20,6.24,ES,1650823200
82,Ushuaia,-54.8,-68.3,44.26,61,75,3.38,AR,1650823200
83,Nagyrábé,47.2,21.3333,59.2,90,96,4.59,HU,1650823200
84,Ayan,56.45,138.1667,25.61,89,100,2.93,RU,1650823200
85,Keetmanshoop,-26.5833,18.1333,59.92,18,0,13.65,NA,1650823200
86,São Filipe,14.8961,-24.4956,75.61,71,7,4.16,CV,1650823200
87,Megion,61.0296,76.1136,32.05,99,100,8.5,RU,1650823200
88,Weiden,49.6775,12.1567,48.74,78,100,3.47,DE,1650823200
89,Ancud,-41.8697,-73.8203,49.57,76,100,23.26,CL,1650823200
90,Abonnema,4.7084,6.7931,82.69,82,100,5.35,NG,1650823200
91,Caravelas,-17.7125,-39.2481,86.47,60,11,8.32,BR,1650823200
92,Yelizovo,53.1873,158.3805,37.11,74,40,8.86,RU,1650823200
93,Nikolskoye,59.7035,30.7861,45.84,85,100,11.16,RU,1650823200
94,Parkes,-33.1333,148.1833,58.35,72,100,11.68,AU,1650823200
95,Saint Paul Harbor,57.79,-152.4072,42.31,81,100,5.19,US,1650823200
96,Srednekolymsk,67.45,153.6833,7.38,97,95,8.68,RU,1650823200
97,Constitución,-35.3333,-72.4167,58.23,90,95,19.75,CL,1650823200
98,Manavālakurichi,8.1333,77.3,81.97,82,2,4.56,IN,1650823200
99,Tasiilaq,65.6145,-37.6368,41.16,70,100,4.14,GL,1650823200
100,Husavik,66.0449,-17.3389,43.21,81,70,2.57,IS,1650823200
101,St-Jean-Port-Joli,47.2171,-70.2658,42.04,66,43,10.76,CA,1650823200
102,Tuktoyaktuk,69.4541,-133.0374,27.77,86,0,4.21,CA,1650823200
103,Bairiki Village,1.3292,172.9752,80.28,89,20,14.12,KI,1650823200
104,Beisfjord,68.3751,17.5988,42.04,100,100,3.49,NO,1650823200
105,Umm Kaddadah,13.6017,26.6876,87.75,6,2,12.57,SD,1650823200
106,Hilo,19.7297,-155.09,73.31,91,100,5.97,US,1650823200
107,Tilichiki,60.4667,166.1,23.76,83,100,11.32,RU,1650823200
108,Port Hardy,50.6996,-127.4199,46.58,81,100,14.12,CA,1650823200
109,Khatanga,71.9667,102.5,-12.59,100,94,4.47,RU,1650823200
110,Okha,53.5739,142.9478,28.4,93,100,10.89,RU,1650823200
111,Itaituba,-4.2761,-55.9836,91.56,58,20,3.96,BR,1650823200
112,Narva-Jõesuu,59.4589,28.0408,41.56,87,100,17.09,EE,1650823200
113,Bluff,-46.6,168.3333,54.93,84,83,19.95,NZ,1650823200
114,Qaanaaq,77.484,-69.3632,7.18,71,25,6.4,GL,1650823200
115,São João do Piauí,-8.3581,-42.2467,93.87,27,100,11.14,BR,1650823200
116,Lavrentiya,65.5833,-171.0,15.57,91,62,4.97,RU,1650823200
117,Boende,-0.2167,20.8667,74.89,81,84,2.53,CD,1650823200
118,Bambous Virieux,-20.3428,57.7575,75.49,78,75,19.51,MU,1650823200
119,Harper,4.375,-7.7169,83.41,76,99,8.99,LR,1650823200
120,Iqaluit,63.7506,-68.5145,23.05,79,100,13.62,CA,1650823200
121,Ciudad Real,39.0,-4.0,62.65,61,74,7.67,ES,1650823200
122,Barrow,71.2906,-156.7887,15.49,78,0,9.8,US,1650823200
123,Lorengau,-2.0226,147.2712,80.4,83,59,6.22,PG,1650823200
124,Mahébourg,-20.4081,57.7,75.7,78,75,19.55,MU,1650823200
125,Chui,-33.6971,-53.4616,75.13,34,0,11.16,UY,1650823200
126,Inhambane,-23.865,35.3833,76.98,83,20,6.15,MZ,1650823200
127,Muros,42.7762,-9.0603,57.83,83,100,5.77,ES,1650823200
128,Pacific Grove,36.6177,-121.9166,57.94,81,20,7.25,US,1650823200
129,Marabu,4.4148,114.0089,78.94,100,40,0.45,MY,1650823200
130,Aksarka,66.5606,67.7975,7.9,97,83,5.59,RU,1650823200
131,Teguise,29.0605,-13.564,62.82,63,20,8.95,ES,1650823200
132,Bodden Town,19.2833,-81.25,81.97,69,75,23.55,KY,1650823200
133,Hecun,36.5333,114.1111,72.77,43,100,4.16,CN,1650823200
134,Cayenne,4.9333,-52.3333,85.08,6,100,9.28,GF,1650823200
135,Olenegorsk,68.15,33.3,33.48,99,96,1.66,RU,1650823200
136,Sakaiminato,35.55,133.2333,60.35,94,20,3.69,JP,1650823200
137,Cienfuegos,22.1461,-80.4356,89.74,48,40,10.36,CU,1650823200
138,Kapit,2.0167,112.9333,74.88,99,100,0.54,MY,1650823200
139,Poum,-20.2333,164.0167,75.58,79,54,10.74,NC,1650823200
140,Vardø,70.3705,31.1107,35.69,93,75,8.61,NO,1650823200
141,Havre-St-Pierre,50.2334,-63.5986,46.76,46,0,14.74,CA,1650823200
142,Moscow,55.7522,37.6156,49.5,77,100,6.78,RU,1650823200
143,Beyneu,45.3167,55.2,61.03,45,28,13.4,KZ,1650823200
144,Thompson,55.7435,-97.8558,20.73,49,75,17.92,CA,1650823200
145,Labuhan,-6.8844,112.2051,78.91,85,100,4.43,ID,1650823200
146,San Cristobal,7.7669,-72.225,81.73,55,83,4.92,VE,1650823200
147,College,64.8569,-147.8028,37.8,64,40,0.83,US,1650823200
148,Buchanan,5.8808,-10.0467,83.59,74,43,9.55,LR,1650823200
149,Linxia Chengguanzhen,35.6003,103.2064,52.65,65,97,2.89,CN,1650823200
150,Réo,12.3167,-2.4667,103.03,8,22,6.08,BF,1650823200
151,Guerrero Negro,27.9769,-114.0611,73.06,40,0,7.14,MX,1650823200
152,Mt. Pleasant,32.7941,-79.8626,78.66,53,0,8.55,US,1650823200
153,Wawa,9.9022,4.4192,93.83,36,87,6.15,NG,1650823200
154,Qaqortoq,60.7167,-46.0333,38.75,85,88,8.72,GL,1650823200
155,Zella-Mehlis,50.65,10.65,41.95,89,100,8.77,DE,1650823200
156,Verkhoyansk,67.5447,133.385,-0.47,100,91,1.36,RU,1650823200
157,Vila Franca do Campo,37.7167,-25.4333,61.21,69,13,14.63,PT,1650823200
158,Pevek,69.7008,170.3133,0.55,99,99,4.54,RU,1650823200
159,Hambantota,6.1241,81.1185,81.82,79,49,3.98,LK,1650823200
160,Xinzhi,36.4989,111.7047,68.95,46,100,4.21,CN,1650823200
161,Saldanha,-33.0117,17.9442,58.5,80,0,17.9,ZA,1650823200
162,Lüderitz,-26.6481,15.1594,60.87,50,0,26.96,NA,1650823200
163,Kudahuvadhoo,2.6708,72.8944,84.56,70,16,5.23,MV,1650823200
164,Khovd,48.0056,91.6419,27.36,35,84,9.22,MN,1650823200
165,Yumen,40.2833,97.2,62.28,18,0,9.6,CN,1650823200
166,Bougouni,11.417,-7.479,101.07,8,7,7.14,ML,1650823200
167,Morro Bay,35.3658,-120.8499,68.94,61,6,8.12,US,1650823200
168,Oriximiná,-1.7656,-55.8661,84.09,70,79,5.7,BR,1650823200
169,Broken Hill,-31.95,141.4333,63.43,63,100,9.31,AU,1650823200
170,Kobelyaky,49.1489,34.1965,51.82,76,58,4.97,UA,1650823200
171,Abnūb,27.2696,31.1511,82.62,16,0,10.65,EG,1650823200
172,Florianópolis,-27.6146,-48.5012,74.14,75,40,11.7,BR,1650823200
173,Saskylakh,71.9167,114.0833,-7.83,100,43,2.95,RU,1650823200
174,Cabedelo,-6.9811,-34.8339,84.87,74,95,15.19,BR,1650823200
175,Sobolevo,54.4299,31.8996,46.89,81,91,7.38,RU,1650823200
176,Korla,41.7597,86.1469,69.26,24,72,8.14,CN,1650823200
177,Geraldton,-28.7667,114.6,72.55,72,97,4.7,AU,1650823200
178,Hong Kong,22.2855,114.1577,80.56,84,6,8.88,HK,1650823200
179,Margate,51.3813,1.3862,50.45,79,3,23.24,GB,1650823200
180,Zhigansk,66.7697,123.3711,-0.13,100,27,6.15,RU,1650823200
181,Umm Hājar,13.2954,19.6966,99.75,12,61,7.31,TD,1650823200
182,Santa Marta,11.2408,-74.199,87.85,66,40,12.15,CO,1650823200
183,Morón,-34.6534,-58.6198,77.5,38,4,12.77,AR,1650823200
184,Maniitsoq,65.4167,-52.9,28.96,89,99,7.43,GL,1650823200
185,Znamenskoye,57.1281,73.8282,29.35,73,15,4.03,RU,1650823200
186,Beloha,-25.1667,45.05,76.26,69,93,4.85,MG,1650823200
187,Tiarei,-17.5333,-149.3333,78.91,77,70,7.67,PF,1650823200
188,Kenai,60.5544,-151.2583,37.45,87,100,2.08,US,1650823200
189,Batagay,67.6333,134.6333,-0.78,100,91,0.81,RU,1650823200
190,Port Augusta,-32.5,137.7667,65.5,59,86,8.55,AU,1650823200
191,Alta Floresta,-9.8756,-56.0861,94.82,49,40,3.91,BR,1650823200
192,Vila Velha,-20.3297,-40.2925,82.35,76,20,17.56,BR,1650823200
193,Tena,-0.9833,-77.8167,78.96,93,94,2.8,EC,1650823200
194,Conceição do Araguaia,-8.2578,-49.2647,83.89,71,47,4.16,BR,1650823200
195,San Patricio,28.017,-97.5169,83.73,61,69,21.39,US,1650823200
196,Ouallam,14.3188,2.0866,99.37,8,70,6.98,NE,1650823200
197,Caborca,30.5838,-111.101,75.83,13,0,4.21,MX,1650823200
198,Goragorskiy,43.5031,45.0792,50.36,69,22,4.14,RU,1650823200
199,Tirunelveli,8.7333,77.7,84.36,71,19,2.84,IN,1650823200
200,Honiara,-9.4333,159.95,76.93,84,61,3.33,SB,1650823200
201,Sisimiut,66.9395,-53.6735,27.7,90,100,4.41,GL,1650823200
202,Lanzhou,36.0564,103.7922,60.35,44,99,3.22,CN,1650823200
203,Jiazi,22.8779,116.067,76.1,90,1,5.1,CN,1650823200
204,Vao,-22.6667,167.4833,74.03,65,96,23.82,NC,1650823200
205,Waipawa,-41.4122,175.5153,51.31,85,99,8.21,NZ,1650823200
206,Tete,-16.1564,33.5867,77.09,78,20,3.71,MZ,1650823200
207,Kiama,-34.6833,150.8667,62.33,88,98,6.67,AU,1650823200
208,Fortuna,40.5982,-124.1573,57.56,79,100,6.82,US,1650823200
209,Xiazhen,34.8022,117.1117,69.31,70,100,10.89,CN,1650823200
210,Ayagoz,47.9714,80.4392,32.34,49,82,15.48,KZ,1650823200
211,Pelym,61.0108,61.9978,29.75,97,46,2.44,RU,1650823200
212,Beringovskiy,63.05,179.3167,14.81,97,86,1.52,RU,1650823200
213,Arrondissement de Mantes-la-Jolie,49.0,1.6667,61.32,76,97,7.94,FR,1650823200
214,Conde,-7.2597,-34.9075,83.66,74,40,14.63,BR,1650823200
215,Kavieng,-2.5744,150.7967,81.57,77,60,9.19,PG,1650823200
216,Castro,-24.7911,-50.0119,76.32,59,34,3.36,BR,1650823200
217,Monte Alegre,-2.0078,-54.0692,84.78,64,78,6.4,BR,1650823200
218,Palmer,42.1584,-72.3287,52.32,42,100,4.52,US,1650823200
219,Bathsheba,13.2167,-59.5167,84.81,61,75,15.12,BB,1650823200
220,Salalah,17.0151,54.0924,81.81,76,48,5.84,OM,1650823200
221,Lebu,-37.6167,-73.65,53.73,83,100,19.19,CL,1650823200
222,Nador,35.174,-2.9287,64.65,59,0,4.72,MA,1650823200
223,Adrar,20.5022,-10.0711,90.0,17,0,14.18,MR,1650823200
224,Praia da Vitória,38.7333,-27.0667,64.65,63,20,20.42,PT,1650823200
225,Isangel,-19.55,169.2667,76.98,77,91,12.73,VU,1650823200
226,Alcúdia,39.8532,3.1214,65.7,63,1,10.09,ES,1650823200
227,Santoña,43.4439,-3.4576,59.85,80,90,5.68,ES,1650823200
228,Inuvik,68.3499,-133.7218,37.45,50,20,4.16,CA,1650823200
229,Marabba,12.35,32.1833,98.1,10,6,8.41,SD,1650823200
230,Ilulissat,69.2167,-51.1,30.22,80,75,6.44,GL,1650823200
231,Sinnamary,5.3833,-52.95,81.32,82,77,9.26,GF,1650823200
232,Ende,-8.8432,121.6623,76.55,82,21,2.44,ID,1650823200
233,Narsaq,60.9167,-46.05,50.22,82,88,6.98,GL,1650823200
234,Cabo San Lucas,22.8909,-109.9124,78.71,69,0,6.4,MX,1650823200
235,Pierre,44.3683,-100.351,41.81,70,100,23.71,US,1650823200
236,Ozark,37.0209,-93.206,63.19,80,100,8.9,US,1650823200
237,Baculin,7.4525,126.5842,77.77,85,100,3.56,PH,1650823200
238,New Norfolk,-42.7826,147.0587,49.28,85,78,1.12,AU,1650823200
239,Langsa,4.4683,97.9683,77.4,91,61,1.86,ID,1650823200
240,Akdağmadeni,39.6603,35.8836,59.85,45,28,3.74,TR,1650823200
241,Naze,28.3667,129.4833,70.52,93,34,7.07,JP,1650823200
242,Letlhakane,-21.4167,25.5833,72.43,37,31,2.44,BW,1650823200
243,Biak,-0.9131,122.8766,76.91,84,80,1.48,ID,1650823200
244,Yandyki,45.7691,47.1258,56.16,60,28,9.64,RU,1650823200
245,El Alto,-4.2714,-81.2147,78.46,71,89,12.15,PE,1650823200
246,Chapais,49.7834,-74.8492,38.98,70,100,11.72,CA,1650823200
247,Lompoc,34.6391,-120.4579,72.95,62,0,7.7,US,1650823200
248,Prince Rupert,54.3161,-130.3201,44.69,87,100,6.91,CA,1650823200
249,Kununurra,-15.7667,128.7333,79.48,83,79,4.61,AU,1650823200
250,Chicama,-7.8447,-79.1469,78.39,61,37,11.23,PE,1650823200
251,Norden,53.6,7.2,50.81,80,5,18.57,DE,1650823200
252,Kamaishi,39.2667,141.8833,53.6,87,35,6.29,JP,1650823200
253,Klaksvík,62.2266,-6.589,45.52,86,100,17.36,FO,1650823200
254,Touros,-5.1989,-35.4608,82.94,74,98,14.81,BR,1650823200
255,Coyhaique,-45.5752,-72.0662,39.15,93,100,6.71,CL,1650823200
256,Am Timan,11.0297,20.2827,93.9,27,69,5.06,TD,1650823200
257,Provideniya,64.3833,-173.3,25.25,74,5,3.33,RU,1650823200
258,Tiksi,71.6872,128.8694,-6.16,100,99,1.72,RU,1650823200
259,Celestún,20.8667,-90.4,88.18,55,2,9.15,MX,1650823200
260,Las Lomas,8.4333,-82.4,85.41,66,20,6.73,PA,1650823200
261,Jijiang,29.2906,106.2542,71.37,86,99,9.1,CN,1650823200
262,Itarema,-2.9248,-39.9167,82.62,75,44,7.23,BR,1650823200
263,Las Vegas,36.175,-115.1372,68.22,18,0,13.31,US,1650823200
264,Marawi,7.9986,124.2928,69.57,93,74,1.45,PH,1650823200
265,Ürümqi,43.801,87.6005,52.23,87,75,6.17,CN,1650823200
266,Tegul'det,57.3064,88.1667,26.98,95,88,5.61,RU,1650823200
267,Ojinaga,29.5667,-104.4167,86.95,17,0,9.28,MX,1650823200
268,Tonantins,-2.8731,-67.8022,87.22,61,98,4.25,BR,1650823200
269,Torrington,41.8007,-73.1212,60.19,36,94,5.14,US,1650823200
270,Tubualá,9.5167,-79.0333,82.47,73,36,4.03,PA,1650823200
271,Porto-Novo,6.4965,2.6036,82.47,75,100,7.36,BJ,1650823200
272,Saint Anthony,45.0205,-93.218,50.45,69,100,18.1,US,1650823200
273,Arman',59.7,150.1667,19.96,80,26,8.66,RU,1650823200
274,Pinega,64.7001,43.3936,32.77,93,100,2.91,RU,1650823200
275,Knokke-Heist,51.3333,3.3333,55.47,61,16,19.86,BE,1650823200
276,Nouakchott,18.0858,-15.9785,82.33,55,3,20.02,MR,1650823200
277,Baghmara,23.795,86.2085,88.77,12,93,3.13,IN,1650823200
278,Poya,-21.35,165.15,70.02,91,85,8.55,NC,1650823200
279,Great Yarmouth,52.6083,1.7305,52.52,86,5,17.29,GB,1650823200
280,La Plata,-34.9215,-57.9545,79.03,37,4,13.02,AR,1650823200
281,São Bernardo,-3.3614,-42.4178,83.44,78,57,3.22,BR,1650823200
282,Tavricheskoye,54.5851,73.6395,38.07,49,51,6.76,RU,1650823200
283,Kiryat Gat,31.61,34.7642,66.88,100,2,1.97,IL,1650823200
284,Edd,13.9297,41.6925,91.53,48,67,21.07,ER,1650823200
285,Nadvoitsy,63.8667,34.3167,29.52,90,50,3.24,RU,1650823200
286,Arauca,7.0847,-70.7591,92.35,49,40,3.42,CO,1650823200
287,Gamba,-2.65,10.0,77.56,90,99,5.84,GA,1650823200
288,Nova Ushytsya,48.8372,27.2743,54.88,69,27,8.5,UA,1650823200
289,Saint George,37.1041,-113.5841,64.56,22,0,4.81,US,1650823200
290,Vestmannaeyjar,63.4427,-20.2734,49.19,76,0,10.04,IS,1650823200
291,Hongjiang,27.11,109.9956,73.94,93,99,5.73,CN,1650823200
292,Roald,62.5833,6.1333,49.84,66,0,14.47,NO,1650823200
293,Chokurdakh,70.6333,147.9167,-16.08,100,87,3.74,RU,1650823200
294,Emba,48.8264,58.1442,41.13,84,39,6.17,KZ,1650823200
295,Montgomery,30.6667,73.1,87.13,14,63,4.45,PK,1650823200
296,Saint-Leu,-21.15,55.2833,75.56,70,97,5.06,RE,1650823200
297,Asău,46.4333,26.4,63.52,74,77,2.57,RO,1650823200
298,San Policarpo,12.1791,125.5072,76.86,93,100,3.96,PH,1650823200
299,Fuling,29.7022,107.3919,70.75,94,97,3.51,CN,1650823200
300,Sattahip,12.6664,100.9007,84.67,79,20,11.52,TH,1650823200
301,Clyde River,70.4692,-68.5914,6.44,85,100,4.27,CA,1650823200
302,Kuril'sk,45.2333,147.8833,41.13,76,95,8.03,RU,1650823200
303,Price,39.5994,-110.8107,47.57,34,0,4.23,US,1650823200
304,Merauke,-8.4667,140.3333,78.31,87,95,4.63,ID,1650823200
305,Taree,-31.9,152.4667,57.97,100,40,1.7,AU,1650823200
306,Kerema,-7.9631,145.7785,77.04,86,72,2.82,PG,1650823200
307,Maroantsetra,-15.4333,49.7333,75.78,85,78,3.47,MG,1650823200
308,Camacha,33.0833,-16.3333,63.82,63,20,17.4,PT,1650823200
309,Zhangye,38.9342,100.4517,60.21,20,24,1.21,CN,1650823200
310,Hamilton,39.1834,-84.5333,80.56,50,0,13.98,US,1650823200
311,Nangomba,-10.9,38.5,72.63,97,100,3.09,TZ,1650823200
312,Seoul,37.5683,126.9778,61.14,94,75,2.04,KR,1650823200
313,Ixtapa,20.7,-105.2,90.95,65,0,7.99,MX,1650823200
314,Barsovo,61.1667,73.1667,35.02,99,100,5.17,RU,1650823200
315,Coquimbo,-29.9533,-71.3436,61.68,88,100,6.13,CL,1650823200
316,Moose Factory,51.2585,-80.6094,40.69,87,100,14.41,CA,1650823200
317,Auki,-8.7676,160.7034,77.11,87,69,3.09,SB,1650823200
318,Bandarbeyla,9.4942,50.8122,82.24,73,1,11.18,SO,1650823200
319,Mezen',65.8522,44.24,27.03,97,76,4.52,RU,1650823200
320,Ruteng,-8.6136,120.4721,59.58,91,11,1.43,ID,1650823200
321,Dossor,47.5272,52.9811,60.49,48,85,18.92,KZ,1650823200
322,Verkhnevilyuysk,63.4453,120.3167,16.32,98,95,1.54,RU,1650823200
323,Murillo,4.8739,-75.1715,53.73,92,95,2.08,CO,1650823200
324,Clarence Town,-32.5833,151.7833,55.63,91,83,1.72,AU,1650823200
325,Warwick,41.7001,-71.4162,51.46,45,100,3.83,US,1650823200
326,Ponta do Sol,32.6667,-17.1,66.85,67,41,7.94,PT,1650823200
327,Tartagal,-22.5164,-63.8013,77.7,68,98,7.07,AR,1650823200
328,Qiqihar,47.3408,123.9672,46.0,54,75,6.24,CN,1650823200
329,Karratha,-20.7377,116.8463,79.07,58,1,7.18,AU,1650823200
330,Villena,38.6373,-0.8657,63.55,50,27,3.83,ES,1650823200
331,‘Āhuimanu,21.4447,-157.8378,74.71,77,20,17.02,US,1650823200
332,Morondava,-20.2833,44.2833,77.29,82,100,9.86,MG,1650823200
333,Solok,-0.7918,100.6593,72.01,97,98,3.22,ID,1650823200
334,Makakilo City,21.3469,-158.0858,73.13,74,0,18.37,US,1650823200
335,São Miguel do Araguaia,-13.275,-50.1628,88.3,53,71,1.59,BR,1650823200
336,Bolo,13.7899,120.9817,80.98,85,89,8.55,PH,1650823200
337,Katsuura,35.1333,140.3,61.81,89,84,5.66,JP,1650823200
338,Taperoá,-7.2075,-36.8267,85.53,42,91,12.03,BR,1650823200
339,Laas,46.6166,10.7002,49.08,97,100,2.1,IT,1650823200
340,Maragogi,-9.0122,-35.2225,82.85,69,86,9.78,BR,1650823200
341,Mombetsu,44.3525,143.3525,44.92,83,43,8.43,JP,1650823200
342,Gashua,12.871,11.0482,96.75,11,98,2.82,NG,1650823200
343,Okhotsk,59.3833,143.3,21.24,99,53,5.88,RU,1650823200
344,Severo-Kuril'sk,50.6789,156.125,31.77,84,94,10.63,RU,1650823200
345,Kavaratti,10.5669,72.642,84.79,70,90,2.24,IN,1650823200
346,Necochea,-38.5473,-58.7368,73.42,49,19,15.05,AR,1650823200
347,Shīeli,44.1667,66.75,54.05,58,26,4.09,KZ,1650823200
348,Tuatapere,-46.1333,167.6833,52.16,90,100,7.02,NZ,1650823200
349,Krasnosel'kup,65.7,82.4667,-2.06,100,83,1.03,RU,1650823200
350,Yeppoon,-23.1333,150.7333,72.99,73,94,21.07,AU,1650823200
351,Norman Wells,65.282,-126.8329,42.84,52,20,3.8,CA,1650823200
352,Santiago del Estero,-27.7951,-64.2615,84.38,50,68,14.23,AR,1650823200
353,La Ronge,55.1001,-105.2842,35.85,51,40,10.0,CA,1650823200
354,Lata,40.1629,-8.3327,61.81,71,89,5.91,PT,1650823200
355,Ishigaki,24.3448,124.1572,79.12,100,75,14.45,JP,1650823200
356,Boa Vista,2.8197,-60.6733,93.06,62,75,7.49,BR,1650823200
357,Alberdi,-32.8899,-60.6906,80.13,39,0,13.6,AR,1650823200
358,Bambanglipuro,-7.95,110.2833,77.31,90,100,7.18,ID,1650823200
359,Maceió,-9.6658,-35.7353,87.24,51,40,9.8,BR,1650823200
360,Nchelenge,-9.3451,28.734,71.53,85,86,2.33,ZM,1650823200
361,Bermeo,43.4209,-2.7215,61.09,80,85,6.76,ES,1650823200
362,Wahiawā,21.5028,-158.0236,70.63,81,100,10.65,US,1650823200
363,Namatanai,-3.6667,152.4333,78.44,76,54,5.7,PG,1650823200
364,Ondo,7.1,4.8333,77.41,86,100,2.89,NG,1650823200
365,Coahuayana Viejo,18.7333,-103.6833,88.36,34,35,7.74,MX,1650823200
366,General Pico,-35.6566,-63.7568,81.19,36,91,18.32,AR,1650823200
367,Salisbury,51.0693,-1.7957,61.27,49,75,13.02,GB,1650823200
368,Muzhi,65.3667,64.6667,16.61,97,100,4.09,RU,1650823200
369,Oceanside,33.1959,-117.3795,78.73,32,0,5.79,US,1650823200
370,Ushtobe,45.2514,77.9838,47.55,55,100,10.65,KZ,1650823200
371,Richards Bay,-28.783,32.0377,71.85,88,51,7.2,ZA,1650823200
372,Torres,-29.3353,-49.7269,78.82,65,0,14.36,BR,1650823200
373,Ahipara,-35.1667,173.1667,61.61,83,36,12.35,NZ,1650823200
374,Izumo,35.3667,132.7667,59.56,92,11,4.05,JP,1650823200
375,Shilka,51.85,116.0333,31.3,61,39,2.08,RU,1650823200
376,Grandview,38.8858,-94.533,62.51,47,40,10.96,US,1650823200
377,Riyadh,24.6877,46.7219,88.65,14,95,13.06,SA,1650823200
378,Dul'durga,50.6761,113.5931,28.65,28,67,2.98,RU,1650823200
379,Havelock,34.8791,-76.9013,78.94,67,0,8.43,US,1650823200
380,Gazojak,41.1875,61.4036,67.98,34,0,10.38,TM,1650823200
381,Aborlan,9.4352,118.5492,78.67,89,34,2.98,PH,1650823200
382,Torbat-e Jām,35.244,60.6225,69.78,46,3,5.66,IR,1650823200
383,Boqueirão,-7.5,-36.1333,87.53,39,98,14.74,BR,1650823200
384,Ereymentau,51.6199,73.1033,34.43,47,100,11.5,KZ,1650823200
385,Zaza del Medio,21.9961,-79.3669,89.67,38,33,14.81,CU,1650823200
386,Mocuba,-16.8392,36.9856,71.64,98,22,3.51,MZ,1650823200
387,Raudeberg,61.9875,5.1352,45.86,81,56,9.62,NO,1650823200
388,Taksimo,56.3444,114.8794,22.5,74,66,3.0,RU,1650823200
389,Japura,-0.3167,102.35,74.89,98,49,0.45,ID,1650823200
390,Kilindoni,-7.9139,39.6668,82.4,74,99,8.39,TZ,1650823200
391,Arrondissement de Rodez,44.5,2.5833,53.06,82,75,7.54,FR,1650823200
392,Bilibino,68.0546,166.4372,-2.02,99,66,4.79,RU,1650823200
393,Ilo,-17.6394,-71.3375,70.43,75,23,8.77,PE,1650823200
394,Senador José Porfírio,-2.5908,-51.9542,83.03,70,97,1.36,BR,1650823200
395,Vertientes,21.2594,-78.1464,90.36,38,100,14.79,CU,1650823200
396,Solnechnyy,50.7214,136.6319,16.34,92,45,4.43,RU,1650823200
397,Altay,47.8667,88.1167,31.57,56,89,5.1,CN,1650823200
398,Mahibadhoo,3.7833,72.9667,84.85,68,66,4.9,MV,1650823200
399,Marrakesh,31.6315,-8.0083,71.67,40,75,5.53,MA,1650823200
400,Kieta,-6.2167,155.6333,77.94,84,69,3.4,PG,1650823200
401,Sargūr,11.9833,76.4167,75.56,85,59,6.64,IN,1650823200
402,Pastavy,55.1168,26.8326,42.48,95,100,10.45,BY,1650823200
403,Sosnovo-Ozerskoye,52.5249,111.5418,25.66,72,43,4.9,RU,1650823200
404,Yenagoa,4.9247,6.2642,78.19,82,100,1.81,NG,1650823200
405,Talcahuano,-36.7167,-73.1167,58.68,88,75,19.82,CL,1650823200
406,Buta,2.7858,24.73,72.52,98,98,4.38,CD,1650823200
407,São João da Barra,-21.6403,-41.0511,84.29,68,12,17.2,BR,1650823200
408,Mossamedes,-15.1961,12.1522,72.23,78,20,8.01,AO,1650823200
409,Kirakira,-10.4544,161.9205,78.8,84,85,3.71,SB,1650823200
410,Cockburn Town,21.4612,-71.1419,80.56,61,40,19.22,TC,1650823200
411,Fengrun,39.8333,118.1167,57.33,66,100,4.47,CN,1650823200
412,Deputatsky,69.3,139.9,-1.7,100,100,0.81,RU,1650823200
413,Kawhia,-38.0651,174.8183,57.81,85,89,7.31,NZ,1650823200
414,Charlestown,-32.95,151.6667,59.29,91,74,2.71,AU,1650823200
415,Mbekenyera,-10.0,38.9833,72.07,97,100,3.91,TZ,1650823200
416,Presidencia Roque Sáenz Peña,-26.7852,-60.4388,88.63,48,58,14.03,AR,1650823200
417,Oakdale,44.963,-92.9649,49.86,71,100,18.05,US,1650823200
418,Praia,14.9215,-23.5087,86.54,37,0,13.53,CV,1650823200
419,Jumla,29.2747,82.1838,49.64,32,3,4.32,NP,1650823200
420,Taoudenni,22.6783,-3.9836,91.22,16,0,14.12,ML,1650823200
421,Kalabo,-14.97,22.6814,73.51,53,95,2.06,ZM,1650823200
422,Port Macquarie,-31.4333,152.9167,64.24,65,89,5.03,AU,1650823200
423,Pocatello,42.8713,-112.4455,48.47,48,20,6.42,US,1650823200
424,Krasnyy Chikoy,50.3643,108.7512,33.13,48,100,7.76,RU,1650823200
425,Dhidhdhoo,6.8833,73.1,84.29,70,64,2.06,MV,1650823200
426,Gimli,50.6336,-96.9907,30.94,93,100,26.78,CA,1650823200
427,Puerto Carreño,6.189,-67.4859,95.41,52,20,7.65,CO,1650823200
428,Torbay,47.6666,-52.7314,35.92,96,100,22.21,CA,1650823200
429,Corleone,37.8134,13.3017,57.47,65,27,2.37,IT,1650823200
430,Abéché,13.8292,20.8324,90.05,14,64,1.41,TD,1650823200
431,Pringsewu,-5.3582,104.9744,74.32,97,54,4.03,ID,1650823200
432,Meridian,43.6121,-116.3915,54.41,46,0,5.55,US,1650823200
433,Goderich,43.7501,-81.7165,75.52,50,86,18.28,CA,1650823200
434,Puerto López,4.0845,-72.956,83.89,72,100,3.47,CO,1650823200
435,Ibipeba,-11.6408,-42.0111,88.16,34,10,12.64,BR,1650823200
436,Port Blair,11.6667,92.75,82.72,83,20,3.24,IN,1650823200
437,Sangar,63.9242,127.4739,2.05,98,57,2.39,RU,1650823200
438,Bellmead,31.594,-97.1089,80.96,64,75,17.78,US,1650823200
439,Businga,3.3333,20.8833,77.76,75,74,1.23,CD,1650823200
440,Port Keats,-14.25,129.55,79.68,47,76,6.58,AU,1650823200
441,Burnie,-41.0667,145.9167,52.95,92,45,5.73,AU,1650823200
442,Kaseda-shirakame,31.4167,130.3167,65.5,88,28,1.99,JP,1650823200
443,Guarujá,-23.9931,-46.2564,80.46,74,75,10.56,BR,1650823200
444,Bilma,18.6853,12.9164,96.94,9,4,7.23,NE,1650823200
445,Srandakan,-7.9386,110.2506,77.4,90,100,7.31,ID,1650823200
446,Nizwá,22.9333,57.5333,86.9,30,96,5.97,OM,1650823200
447,Grindavik,63.8424,-22.4338,45.07,81,100,12.15,IS,1650823200
448,Ouargaye,11.5033,0.0572,101.5,7,41,5.91,BF,1650823200
449,Cloquet,46.7216,-92.4594,43.74,78,100,16.75,US,1650823200
450,Ouro Preto do Oeste,-10.7481,-62.2158,84.04,77,81,3.83,BR,1650823200
451,Kazygurt,41.7589,69.3864,57.56,78,61,6.87,KZ,1650823200
452,Motygino,58.1831,94.7592,27.12,95,96,6.58,RU,1650823200
453,Tautira,-17.7333,-149.15,79.43,75,78,5.88,PF,1650823200
454,Sioux Lookout,50.1001,-91.917,42.87,93,100,2.08,CA,1650823200
455,Te Anau,-45.4167,167.7167,46.85,85,64,0.98,NZ,1650823200
456,Brownwood,31.7093,-98.9912,77.52,63,100,17.87,US,1650823200
457,Tshikapa,-6.4167,20.8,72.12,95,99,1.7,CD,1650823200
458,Khudumelapye,-23.8833,24.75,73.0,40,89,4.25,BW,1650823200
459,Batemans Bay,-35.7167,150.1833,59.09,90,97,2.73,AU,1650823200
460,Fort Nelson,58.8053,-122.7002,45.99,46,75,1.97,CA,1650823200
461,Buala,-8.145,159.5921,79.07,81,100,4.79,SB,1650823200
462,Fairview,40.8126,-73.999,61.32,40,0,11.14,US,1650823200
463,Lianzhou,24.7811,112.3825,72.77,98,77,4.5,CN,1650823200
464,Noumea,-22.2763,166.4572,73.99,99,99,16.73,NC,1650823200
465,Vangaindrano,-23.35,47.6,72.37,87,100,5.19,MG,1650823200
466,Esperance,-33.8667,121.9,58.8,86,1,11.83,AU,1650823200
467,Niagara Falls,43.1001,-79.0663,70.99,57,0,4.47,CA,1650823200
468,Brejinho,-6.1908,-35.3567,81.3,73,93,11.74,BR,1650823200
469,Zuwārah,32.9312,12.082,66.83,68,22,15.21,LY,1650823200
470,Flin Flon,54.7682,-101.865,29.68,59,20,14.54,CA,1650823200
471,Arrondissement de Bastia,42.6667,9.3333,56.55,76,75,5.95,FR,1650823200
472,Uruçuí,-7.2294,-44.5561,83.62,68,100,3.18,BR,1650823200
473,Watertown,42.3709,-71.1828,51.19,44,0,5.93,US,1650823200
474,Codrington,-38.2667,141.9667,48.02,94,26,7.67,AU,1650823200
475,Ossora,59.2353,163.0719,29.01,97,100,19.26,RU,1650823200
476,Pa Sang,18.5262,98.9394,84.74,52,69,1.16,TH,1650823200
477,Inta,66.0317,60.1659,20.46,93,86,3.6,RU,1650823200
478,Lishu,43.3047,124.3278,56.64,35,80,6.78,CN,1650823200
479,Orël-Izumrud,43.4583,39.9244,59.09,76,6,4.94,RU,1650823200
480,Saint-Pierre,-21.3393,55.4781,75.65,74,40,11.74,RE,1650823200
481,Atar,20.5169,-13.0499,91.8,18,0,15.59,MR,1650823200
482,Staraya Russa,57.9944,31.3608,46.27,95,97,6.69,RU,1650823200
483,Kupang,-10.1667,123.5833,75.97,81,12,6.46,ID,1650823200
484,Laredo,27.5064,-99.5075,92.35,54,100,22.39,US,1650823200
485,Dori,14.0354,-0.0345,100.62,8,29,8.43,BF,1650823200
486,Shellbrook,53.2168,-106.4011,42.03,68,85,10.4,CA,1650823200
487,Viedma,-40.8135,-62.9967,68.94,39,100,20.04,AR,1650823200
488,Souillac,-20.5167,57.5167,75.58,78,75,17.56,MU,1650823200
489,Sovetskiy,61.3614,63.5842,32.56,97,65,3.47,RU,1650823200
490,Poronaysk,49.2167,143.1167,29.86,84,37,8.93,RU,1650823200
491,Kristiansund,63.1115,7.732,50.65,62,0,14.2,NO,1650823200
492,Stann Creek Town,16.9692,-88.2321,82.56,69,8,9.89,BZ,1650823200
493,Abu Samrah,35.3029,37.1841,76.28,23,4,5.26,SY,1650823200
494,La Asuncion,11.0333,-63.8628,81.66,70,54,16.37,VE,1650823200
495,Ayamé,5.6083,-3.1563,81.88,77,87,8.08,CI,1650823200
496,Romny,50.751,33.4747,49.95,71,35,3.65,UA,1650823200
497,Manado,1.487,124.8455,77.77,94,20,2.64,ID,1650823200
498,Westport,41.1415,-73.3579,55.74,51,0,11.05,US,1650823200
499,Buluang,13.3068,123.3425,77.27,90,100,3.65,PH,1650823200
500,North Bend,43.4065,-124.2243,55.92,93,100,3.6,US,1650823200
501,Sur,22.5667,59.5289,88.03,44,34,8.03,OM,1650823200
502,Lagoa,39.05,-27.9833,58.05,74,3,21.25,PT,1650823200
503,Baghdad,33.3406,44.4009,72.12,46,75,5.66,IQ,1650823200
504,Springdale,36.1867,-94.1288,66.2,91,100,13.65,US,1650823200
505,Rehoboth,-23.3167,17.0833,65.79,34,4,10.29,NA,1650823200
506,Øksfjord,70.2396,22.3479,39.0,93,100,4.16,NO,1650823200
507,Alta Gracia,-31.6529,-64.4283,82.99,42,1,21.27,AR,1650823200
508,Marfino,55.7028,37.3822,49.03,84,100,6.67,RU,1650823200
509,Kholmy,51.871,32.6006,48.04,80,14,4.47,UA,1650823200
510,Pacifica,37.6138,-122.4869,60.39,73,20,2.82,US,1650823200
511,Ateli Mandi,28.1,76.2833,86.99,13,66,5.53,IN,1650823200
512,Luanda,-8.8368,13.2343,78.04,83,54,11.3,AO,1650823200
513,Carutapera,-1.195,-46.02,76.15,88,100,1.48,BR,1650823200
514,San Rafael,-34.6177,-68.3301,81.18,26,5,11.72,AR,1650823200
515,Los Llanos de Aridane,28.6585,-17.9182,63.12,75,40,5.41,ES,1650823200
516,Constantine,36.365,6.6147,62.01,63,20,7.58,DZ,1650823200
517,Mitsamiouli,-11.3847,43.2844,81.18,82,99,10.07,KM,1650823200
518,Puerto Baquerizo Moreno,-0.9,-89.6,76.19,73,75,13.67,EC,1650823200
519,Lawton,34.6087,-98.3903,57.79,53,100,17.76,US,1650823200
520,Selishche,56.8879,33.2691,45.61,93,100,6.08,RU,1650823200
521,Bosobolo,4.1833,19.9,74.1,90,88,5.03,CD,1650823200
522,Ol'ga,43.7444,135.2892,45.32,54,71,4.27,RU,1650823200
523,Yulara,-25.2406,130.9889,60.64,82,21,8.59,AU,1650823200
524,Makushino,55.2103,67.2442,43.25,36,75,6.96,RU,1650823200
525,Faya,18.3851,42.4509,66.56,44,45,4.72,SA,1650823200
526,Portree,57.4129,-6.1942,49.51,74,2,11.12,GB,1650823200
527,Mount Gambier,-37.8333,140.7667,48.67,100,100,5.44,AU,1650823200
528,Mandalay,21.9747,96.0836,90.75,30,0,3.47,MM,1650823200
529,Aklavik,68.2191,-135.0107,30.0,68,20,5.32,CA,1650823200
530,Opuwo,-18.0607,13.84,74.39,33,21,4.07,NA,1650823200
531,Gorontalo,0.5412,123.0595,75.15,95,47,3.47,ID,1650823200
532,Itarantim,-15.6597,-40.0656,91.89,37,6,9.86,BR,1650823200
533,São José da Tapera,-9.5583,-37.3811,91.45,32,48,16.42,BR,1650823200
534,Aripuanã,-9.1667,-60.6333,84.25,75,87,2.39,BR,1650823200
535,Mineiros,-17.5694,-52.5511,84.63,46,97,7.54,BR,1650823200
536,Dali,25.7,100.1833,57.13,72,1,6.06,CN,1650823200
537,Rochegda,62.8,43.25,32.31,93,100,1.01,RU,1650823200
538,Salamiyah,35.0113,37.0532,74.23,29,52,4.18,SY,1650823200
539,Yaita,36.8,139.9333,55.42,88,53,3.51,JP,1650823200
540,Terrace,54.5163,-128.6035,44.51,93,75,2.06,CA,1650823200
541,Zilair,52.2332,57.4392,42.42,55,27,1.21,RU,1650823200
542,Tazovsky,67.4667,78.7,-5.15,100,77,5.03,RU,1650823200
543,Lincoln,40.8,-96.667,59.14,40,100,22.24,US,1650823200
544,Kampot,10.6167,104.1833,82.31,79,58,4.52,KH,1650823200
545,Neuquén,-38.9516,-68.0591,80.49,18,40,41.18,AR,1650823200
546,Bengkulu,-3.8004,102.2655,77.14,89,80,3.2,ID,1650823200
547,Port Lincoln,-34.7333,135.8667,63.93,83,100,7.65,AU,1650823200
548,Sol'-Iletsk,51.1631,54.9918,51.01,53,12,7.38,RU,1650823200
549,Nantucket,41.2835,-70.0995,47.16,57,0,12.24,US,1650823200
550,Nefteyugansk,61.0998,72.6035,33.15,98,100,5.5,RU,1650823200
551,Anamur,36.0751,32.8369,72.19,46,0,5.01,TR,1650823200
552,Lumeje,-11.55,20.7833,70.95,59,54,1.97,AO,1650823200
553,Acajutla,13.5928,-89.8275,86.34,59,7,9.71,SV,1650823200
554,Kathmandu,27.7167,85.3167,70.02,37,20,1.43,NP,1650823200
555,Kidal,18.4411,1.4078,93.31,6,0,11.74,ML,1650823200
556,Emerald,-23.5333,148.1667,68.14,68,100,14.9,AU,1650823200
557,Huarmey,-10.0681,-78.1522,73.35,73,32,12.48,PE,1650823200
558,Atambua,-9.1061,124.8925,70.79,79,22,3.53,ID,1650823200
559,Haines Junction,60.7522,-137.5108,39.15,65,100,1.36,CA,1650823200
560,Nome,64.5011,-165.4064,37.47,87,100,2.98,US,1650823200
561,Xai-Xai,-25.0519,33.6442,72.23,91,0,8.05,MZ,1650823200
562,Pacocha,-17.5833,-71.3333,71.37,73,32,8.08,PE,1650823200
563,Luwingu,-10.2621,29.9271,63.37,94,66,2.53,ZM,1650823200
564,Mongoumba,3.6415,18.5936,72.63,96,96,3.94,CF,1650823200
565,Suntar,62.1444,117.6319,25.14,92,100,3.2,RU,1650823200
566,Conceição da Barra,-18.5933,-39.7322,85.66,60,5,7.9,BR,1650823200
567,Chatrapur,19.35,84.9833,82.13,83,90,13.69,IN,1650823200
568,Ambulu,-8.345,113.6058,76.21,91,72,2.8,ID,1650823200
